id,first_name,last_name,email,gender,ip_address
1,Guglielmo,Christie,gchristie0@51.la,Male,143.111.241.233
2,Jillian,De Gouy,jdegouy1@chronoengine.com,Female,241.126.125.126
3,Kaylee,Acres,kacres2@mit.edu,Bigender,185.158.175.241
4,Myrta,Pentelow,mpentelow3@wisc.edu,Female,36.69.103.252
5,Borg,Asplin,basplin4@xrea.com,Male,46.7.50.92
6,Harmon,McGiven,hmcgiven5@go.com,Male,93.112.95.60
7,Sauveur,Roffe,sroffe6@purevolume.com,Male,109.245.115.19
8,Maurie,Linzee,mlinzee7@spotify.com,Male,24.38.231.145
9,Slade,Palke,spalke8@webs.com,Male,121.166.136.28
10,Masha,Rozier,mrozier9@abc.net.au,Female,24.36.41.230
11,Torin,Ecob,tecoba@cdbaby.com,Male,13.75.253.159
12,Celine,Van Giffen,cvangiffenb@odnoklassniki.ru,Female,234.26.149.35
13,Sheree,Kearney,skearneyc@arizona.edu,Female,184.191.47.19
14,Daryl,Drinkeld,ddrinkeldd@photobucket.com,Female,144.32.197.76
15,Nixie,Groven,ngrovene@a8.net,Female,51.123.118.200
16,Kimberlyn,Beavers,kbeaversf@microsoft.com,Female,3.126.69.88
17,Fritz,Harwell,fharwellg@earthlink.net,Male,31.90.171.186
18,Harvey,Aubray,haubrayh@ow.ly,Male,126.16.32.142
19,Pam,MacDonald,pmacdonaldi@psu.edu,Female,254.142.142.183
20,Imogene,Huyghe,ihuyghej@behance.net,Female,17.10.99.202
21,Cob,Philippard,cphilippardk@senate.gov,Male,238.182.139.164
22,Abagail,Gidley,agidleyl@slideshare.net,Female,252.179.16.56
23,Vicki,Kleynen,vkleynenm@elegantthemes.com,Female,242.81.201.0
24,Byrann,MacKowle,bmackowlen@harvard.edu,Male,31.210.218.62
25,Remington,Rossin,rrossino@chicagotribune.com,Male,63.28.124.28
26,Randie,Chrystal,rchrystalp@rakuten.co.jp,Female,30.155.178.180
27,Algernon,Kenrack,akenrackq@bandcamp.com,Male,224.186.57.47
28,Maxine,Cahey,mcaheyr@hao123.com,Female,5.69.7.248
29,Lindon,Buckenhill,lbuckenhills@surveymonkey.com,Male,216.251.86.244
30,Shayne,Crilly,scrillyt@t.co,Female,159.188.59.75
31,Gwenette,Riediger,griedigeru@npr.org,Female,52.163.255.100
32,Tait,Keune,tkeunev@ow.ly,Male,130.168.96.138
33,Reena,Towers,rtowersw@jugem.jp,Female,185.214.145.251
34,Marie,Sawkin,msawkinx@un.org,Female,149.121.158.212
35,Winny,GiacobbiniJacob,wgiacobbinijacoby@hc360.com,Female,209.240.197.60
36,Lyndy,Vardon,lvardonz@si.edu,Female,241.227.160.88
37,Avrom,Liverock,aliverock10@privacy.gov.au,Male,202.51.35.6
38,Johannes,Gilbertson,jgilbertson11@sphinn.com,Male,221.9.145.249
39,Lezlie,Thompkins,lthompkins12@nationalgeographic.com,Female,189.117.189.56
40,Zerk,Clive,zclive13@samsung.com,Male,80.24.71.157
41,Verena,Dedon,vdedon14@mapy.cz,Female,95.153.125.194
42,Lanette,Lawman,llawman15@sbwire.com,Female,220.207.145.45
43,Hakim,Fettis,hfettis16@sun.com,Male,191.217.151.206
44,Terri-jo,Meegin,tmeegin17@arizona.edu,Bigender,165.107.201.63
45,Salli,Westmoreland,swestmoreland18@networksolutions.com,Female,127.78.106.14
46,Bambie,Bereford,bbereford19@home.pl,Female,252.60.49.158
47,Hodge,Indge,hindge1a@icio.us,Male,139.204.123.241
48,Devlin,Plume,dplume1b@jalbum.net,Male,210.6.237.118
49,Ingelbert,Plume,iplume1c@microsoft.com,Male,43.235.38.88
50,Adey,Pittet,apittet1d@harvard.edu,Non-binary,194.243.215.20
51,Myranda,Ateggart,mateggart1e@fc2.com,Female,249.236.194.62
52,Hollis,Allderidge,hallderidge1f@hugedomains.com,Male,155.238.12.7
53,Leif,Nortunen,lnortunen1g@telegraph.co.uk,Male,115.100.108.126
54,Tommie,Mattingson,tmattingson1h@amazonaws.com,Male,33.233.60.36
55,Cary,Beharrell,cbeharrell1i@nyu.edu,Genderfluid,195.65.217.142
56,Jori,Gheeorghie,jgheeorghie1j@chron.com,Female,156.21.250.92
57,Rudyard,Roblin,rroblin1k@newyorker.com,Male,40.218.181.247
58,Ailis,Falls,afalls1l@state.gov,Female,203.89.37.186
59,Lief,Lott,llott1m@mozilla.org,Male,111.14.190.51
60,Arv,Blondell,ablondell1n@narod.ru,Male,85.25.150.191
61,Clotilda,Emmet,cemmet1o@salon.com,Female,69.17.20.231
62,Betteann,Nealon,bnealon1p@de.vu,Female,57.123.126.230
63,Wright,Wainer,wwainer1q@theguardian.com,Male,157.25.63.230
64,Gar,Sadat,gsadat1r@tumblr.com,Male,141.246.73.135
65,Roberto,Ferminger,rferminger1s@moonfruit.com,Male,39.199.159.38
66,Teddi,Wint,twint1t@live.com,Female,243.117.8.208
67,Sibyl,Bryers,sbryers1u@un.org,Female,106.178.45.208
68,Ryan,McCluney,rmccluney1v@biglobe.ne.jp,Male,85.169.179.205
69,Dorotea,Djorvic,ddjorvic1w@dailymotion.com,Female,248.112.209.102
70,Gale,Du Fray,gdufray1x@hugedomains.com,Female,47.206.30.104
71,Niki,Lenden,nlenden1y@washingtonpost.com,Male,15.125.218.236
72,Yehudi,Avramovic,yavramovic1z@google.com.au,Male,241.252.187.153
73,Mose,Senner,msenner20@freewebs.com,Male,145.88.102.77
74,Linoel,Torrent,ltorrent21@spotify.com,Male,136.190.148.91
75,Gayelord,Boarder,gboarder22@slashdot.org,Male,177.133.59.193
76,Diane,Wadhams,dwadhams23@umich.edu,Female,137.219.152.77
77,Maurits,McCook,mmccook24@paginegialle.it,Male,69.2.69.97
78,Ruthy,Jaine,rjaine25@guardian.co.uk,Female,125.247.230.175
79,Essie,Eckh,eeckh26@jimdo.com,Female,233.158.30.33
80,Goldie,Giuron,ggiuron27@de.vu,Female,187.211.235.201
81,Arne,Abrahamian,aabrahamian28@amazon.de,Male,15.44.46.190
82,Annmarie,Tommasi,atommasi29@engadget.com,Female,54.77.252.228
83,Che,Cator,ccator2a@arizona.edu,Male,167.129.242.188
84,L;urette,Cancutt,lcancutt2b@zdnet.com,Female,123.109.22.117
85,Carita,Ivkovic,civkovic2c@dropbox.com,Female,33.73.140.68
86,Weylin,Fortin,wfortin2d@gnu.org,Male,48.4.69.217
87,Valentine,Punch,vpunch2e@google.pl,Female,238.16.213.127
88,Sheridan,Bosquet,sbosquet2f@edublogs.org,Male,225.49.161.206
89,Deck,Wavell,dwavell2g@sun.com,Male,78.118.38.29
90,Ciel,Wheldon,cwheldon2h@census.gov,Female,45.247.54.73
91,Lorens,Lindberg,llindberg2i@hud.gov,Male,253.74.116.59
92,Melinda,Blinerman,mblinerman2j@ask.com,Agender,128.147.180.208
93,Fields,Yonnie,fyonnie2k@noaa.gov,Male,151.69.97.118
94,Kimmy,Towsey,ktowsey2l@google.com.au,Female,49.40.228.42
95,Donnie,Louys,dlouys2m@weibo.com,Male,3.194.227.21
96,Goldy,Gripton,ggripton2n@wikispaces.com,Female,2.108.165.154
97,Isabelle,Ference,iference2o@indiegogo.com,Female,24.38.165.69
98,Louella,Phillins,lphillins2p@homestead.com,Female,253.75.245.242
99,Elwood,Cawdell,ecawdell2q@indiatimes.com,Polygender,180.31.156.174
100,Casandra,Walls,cwalls2r@biglobe.ne.jp,Non-binary,255.204.172.197
101,Darill,Stonebridge,dstonebridge2s@nature.com,Male,90.206.249.234
102,Tirrell,Hammel,thammel2t@pagesperso-orange.fr,Male,95.220.154.65
103,Dolf,McParlin,dmcparlin2u@ameblo.jp,Male,70.72.129.163
104,Adore,Collip,acollip2v@merriam-webster.com,Female,139.99.47.104
105,Arni,Valentin,avalentin2w@upenn.edu,Male,152.215.141.112
106,Andrey,Jaggard,ajaggard2x@slate.com,Male,197.49.78.216
107,Gram,Klich,gklich2y@instagram.com,Male,249.226.93.101
108,Rik,Marriot,rmarriot2z@tamu.edu,Male,242.113.129.33
109,Brandy,McAline,bmcaline30@booking.com,Female,8.31.166.11
110,Ingaborg,Duberry,iduberry31@dedecms.com,Female,80.49.41.100
111,Petrina,Todarello,ptodarello32@japanpost.jp,Female,247.5.63.166
112,Bevvy,Bulfit,bbulfit33@nbcnews.com,Female,31.210.86.178
113,Durward,Castiblanco,dcastiblanco34@home.pl,Genderqueer,186.34.116.146
114,Brannon,O'Gready,bogready35@webnode.com,Polygender,232.68.115.198
115,Jeno,Smead,jsmead36@elpais.com,Male,146.105.130.70
116,Orella,Grayshan,ograyshan37@amazon.de,Female,159.177.194.55
117,Nevsa,Ayre,nayre38@vistaprint.com,Female,45.89.100.129
118,Tanya,Steers,tsteers39@pen.io,Female,233.215.37.250
119,Brady,Karlowicz,bkarlowicz3a@yelp.com,Male,74.179.232.241
120,Evy,Valentin,evalentin3b@sfgate.com,Female,91.43.31.167
121,Damon,Backe,dbacke3c@bandcamp.com,Male,59.154.28.183
122,Waylon,Dutnell,wdutnell3d@digg.com,Male,97.198.110.215
123,Phyllis,Neaves,pneaves3e@quantcast.com,Female,102.91.195.107
124,Lorettalorna,Drezzer,ldrezzer3f@bbb.org,Female,235.117.80.44
125,Annabella,Bowser,abowser3g@princeton.edu,Female,3.180.213.192
126,Essy,Borges,eborges3h@chron.com,Female,192.18.160.13
127,Stern,Wooderson,swooderson3i@sakura.ne.jp,Male,251.188.168.230
128,Happy,Gornall,hgornall3j@netscape.com,Female,63.38.227.98
129,Cynthy,Harmeston,charmeston3k@china.com.cn,Female,245.218.133.182
130,Melicent,Olyonov,molyonov3l@free.fr,Female,165.7.233.94
131,Gage,Filippello,gfilippello3m@sphinn.com,Male,91.3.174.18
132,Prentiss,Menlove,pmenlove3n@spiegel.de,Male,230.73.146.144
133,Sydney,McBain,smcbain3o@istockphoto.com,Male,199.49.195.133
134,Jacki,Bax,jbax3p@infoseek.co.jp,Female,96.239.94.108
135,Xylina,Carberry,xcarberry3q@opensource.org,Female,106.98.111.98
136,Raynard,Zanardii,rzanardii3r@mtv.com,Male,237.127.154.48
137,Jule,Sevior,jsevior3s@vk.com,Male,163.43.134.86
138,Terry,Stukings,tstukings3t@studiopress.com,Female,31.201.142.8
139,Isador,Lidgertwood,ilidgertwood3u@ihg.com,Male,68.77.227.109
140,Beryl,Burbank,bburbank3v@hatena.ne.jp,Female,224.79.234.169
141,Lesli,Bricknell,lbricknell3w@sohu.com,Female,244.134.233.190
142,Jessie,Recher,jrecher3x@freewebs.com,Female,57.216.211.83
143,Natal,Clarke,nclarke3y@ovh.net,Male,96.216.9.13
144,Cathryn,Scally,cscally3z@china.com.cn,Female,119.160.111.100
145,Lorrie,Glazier,lglazier40@samsung.com,Male,118.220.73.44
146,Valene,Dael,vdael41@chicagotribune.com,Female,123.246.151.235
147,Beaufort,Coleiro,bcoleiro42@sina.com.cn,Male,75.89.61.28
148,Cleon,Yekel,cyekel43@archive.org,Male,26.255.46.5
149,Sydelle,Deniso,sdeniso44@archive.org,Female,18.99.207.226
150,Tobin,Rickesies,trickesies45@sciencedaily.com,Male,195.193.130.247
151,Sapphire,Kemmons,skemmons46@mozilla.org,Female,6.181.50.137
152,Camella,Sponton,csponton47@biblegateway.com,Female,127.228.73.60
153,Ewell,Pacht,epacht48@cafepress.com,Male,254.168.176.60
154,Francisco,Gannicott,fgannicott49@github.io,Male,30.22.62.83
155,Christoper,Wattinham,cwattinham4a@google.com.hk,Male,23.167.237.158
156,Malanie,Climson,mclimson4b@about.com,Female,208.3.87.139
157,Kale,Domenico,kdomenico4c@webnode.com,Male,30.245.187.193
158,Eadith,Gantlett,egantlett4d@usatoday.com,Female,238.222.99.8
159,Siusan,Blasl,sblasl4e@thetimes.co.uk,Female,193.174.209.155
160,Konstantin,Gauvin,kgauvin4f@senate.gov,Male,142.165.112.140
161,Harris,Neller,hneller4g@shinystat.com,Male,151.54.143.119
162,Booth,Burdin,bburdin4h@rambler.ru,Male,201.177.179.140
163,Kellie,Fairbairn,kfairbairn4i@mayoclinic.com,Female,186.247.248.167
164,Gael,Shafto,gshafto4j@senate.gov,Male,11.47.85.6
165,Torie,Bilt,tbilt4k@mapy.cz,Female,75.61.107.46
166,Germayne,Mattioni,gmattioni4l@zdnet.com,Male,195.42.140.37
167,Ameline,Collinette,acollinette4m@bigcartel.com,Polygender,107.215.231.103
168,Trixi,Carrigan,tcarrigan4n@illinois.edu,Female,156.99.118.89
169,Robena,Cantopher,rcantopher4o@diigo.com,Female,50.77.112.238
170,Jacquette,Tayler,jtayler4p@hp.com,Female,25.156.231.160
171,Yule,Quiddinton,yquiddinton4q@edublogs.org,Male,152.225.121.179
172,Ethelin,Orehead,eorehead4r@webmd.com,Female,199.75.196.58
173,Giacinta,Chalke,gchalke4s@cam.ac.uk,Polygender,92.37.19.10
174,Therese,Craisford,tcraisford4t@google.cn,Female,152.32.234.38
175,Fae,Munehay,fmunehay4u@ft.com,Female,80.153.25.163
176,Agna,Staries,astaries4v@cbc.ca,Female,6.252.137.232
177,Alix,Ramet,aramet4w@timesonline.co.uk,Female,148.194.16.84
178,Cad,Vasyunkin,cvasyunkin4x@nba.com,Bigender,184.134.168.174
179,Bar,Tomaskov,btomaskov4y@hostgator.com,Male,175.228.9.192
180,Chickie,Goater,cgoater4z@seattletimes.com,Male,89.156.171.51
181,Giustina,Lulham,glulham50@themeforest.net,Female,255.255.189.173
182,Cary,Haruard,charuard51@amazon.co.uk,Male,152.225.118.53
183,Marlin,Plaskitt,mplaskitt52@howstuffworks.com,Male,115.250.175.217
184,Demeter,Pesik,dpesik53@si.edu,Female,118.235.132.237
185,Elli,Riddock,eriddock54@addthis.com,Female,18.77.12.153
186,Moira,Snalom,msnalom55@dedecms.com,Female,132.121.127.97
187,Esme,Mitcheson,emitcheson56@acquirethisname.com,Male,141.202.76.87
188,Percival,Kisbey,pkisbey57@soundcloud.com,Male,135.210.97.22
189,Marys,Dreinan,mdreinan58@google.ru,Female,152.238.118.242
190,Pippy,Daingerfield,pdaingerfield59@sphinn.com,Female,166.204.222.181
191,Silvanus,McLanachan,smclanachan5a@storify.com,Male,207.81.75.52
192,Kellen,Pote,kpote5b@va.gov,Polygender,188.214.247.41
193,Grissel,Overil,goveril5c@odnoklassniki.ru,Female,27.64.223.121
194,Emelyne,Prout,eprout5d@goo.gl,Female,49.70.9.117
195,Alexandre,Alleyn,aalleyn5e@slideshare.net,Male,189.245.213.244
196,Ami,Kelinge,akelinge5f@google.co.uk,Female,54.158.104.129
197,Sylvester,Lacoste,slacoste5g@google.de,Male,142.230.214.199
198,Winnie,Lapslie,wlapslie5h@geocities.com,Female,14.203.40.80
199,Jaquenette,Kupisz,jkupisz5i@boston.com,Female,205.27.172.64
200,Lucilia,Bea,lbea5j@twitpic.com,Female,114.0.200.92
201,Yale,Babbe,ybabbe5k@friendfeed.com,Male,12.185.12.75
202,Donavon,Shuker,dshuker5l@biglobe.ne.jp,Genderfluid,238.10.205.124
203,Krystalle,Snyder,ksnyder5m@squarespace.com,Female,217.37.30.115
204,Keefe,Hynard,khynard5n@bbb.org,Male,37.78.156.99
205,Ev,Sharphurst,esharphurst5o@unesco.org,Agender,114.154.65.147
206,Tony,Sturm,tsturm5p@umich.edu,Female,54.60.234.151
207,Pierre,Arnot,parnot5q@bravesites.com,Male,223.250.157.84
208,Gustav,Mundy,gmundy5r@tamu.edu,Male,220.188.5.65
209,Albina,Awdry,aawdry5s@printfriendly.com,Genderfluid,9.62.216.104
210,Loren,Faireclough,lfaireclough5t@paginegialle.it,Male,116.94.50.109
211,Husain,Liddon,hliddon5u@nba.com,Male,81.16.6.62
212,Lawton,Fowell,lfowell5v@sina.com.cn,Male,79.63.185.171
213,Tiff,Berardt,tberardt5w@furl.net,Female,97.74.222.140
214,Nita,MacGilmartin,nmacgilmartin5x@bloomberg.com,Female,237.165.135.131
215,Saba,Labell,slabell5y@foxnews.com,Female,253.30.92.28
216,Town,Lumby,tlumby5z@netscape.com,Male,152.159.105.165
217,Theresina,Lytell,tlytell60@google.ca,Female,21.229.159.35
218,Sanson,Portinari,sportinari61@surveymonkey.com,Male,145.81.152.40
219,Giraldo,Bowstead,gbowstead62@twitter.com,Male,205.253.111.176
220,Sheryl,Cramphorn,scramphorn63@nyu.edu,Female,252.48.235.134
221,Fields,Stowers,fstowers64@github.com,Male,75.104.165.1
222,Jeanie,Marti,jmarti65@typepad.com,Female,165.159.95.91
223,Lucita,Springett,lspringett66@skype.com,Bigender,8.91.7.119
224,Branden,Bantham,bbantham67@a8.net,Male,152.66.94.175
225,Geralda,Rhyme,grhyme68@berkeley.edu,Genderfluid,187.252.247.234
226,Jayme,Costi,jcosti69@woothemes.com,Female,24.99.121.121
227,Jed,Bruntjen,jbruntjen6a@wiley.com,Male,22.189.34.4
228,Donavon,Cheeld,dcheeld6b@netlog.com,Male,188.89.22.234
229,Horst,Jessen,hjessen6c@opera.com,Male,236.184.228.219
230,Tiphany,Harlick,tharlick6d@fotki.com,Female,46.157.68.205
231,Hakim,Yard,hyard6e@yandex.ru,Male,163.59.52.121
232,Jacynth,Doddrell,jdoddrell6f@g.co,Female,177.192.60.118
233,Saraann,Gradly,sgradly6g@exblog.jp,Female,250.223.249.25
234,Danella,Stanwix,dstanwix6h@boston.com,Bigender,234.221.88.109
235,Torin,Bonifazio,tbonifazio6i@kickstarter.com,Male,92.244.136.158
236,Ellynn,Quig,equig6j@nationalgeographic.com,Female,207.113.225.108
237,Remus,Frissell,rfrissell6k@chronoengine.com,Genderqueer,221.215.177.109
238,Syman,Gommowe,sgommowe6l@irs.gov,Male,122.168.142.232
239,Rania,Carme,rcarme6m@cyberchimps.com,Female,30.164.233.125
240,Merline,Penwell,mpenwell6n@chron.com,Female,249.64.148.18
241,Devin,Erbain,derbain6o@studiopress.com,Female,65.42.52.131
242,Amy,Goggen,agoggen6p@ameblo.jp,Female,110.252.60.72
243,Derrick,Barnewille,dbarnewille6q@fastcompany.com,Genderfluid,165.157.183.168
244,Loren,Stock,lstock6r@canalblog.com,Female,15.38.141.4
245,Frederich,Parlot,fparlot6s@taobao.com,Bigender,195.242.230.22
246,Evan,Bleesing,ebleesing6t@spotify.com,Male,29.175.6.194
247,Vilhelmina,M'Barron,vmbarron6u@cbslocal.com,Female,221.248.95.161
248,Trixi,Tomas,ttomas6v@so-net.ne.jp,Female,92.175.223.231
249,Anita,Smissen,asmissen6w@theglobeandmail.com,Polygender,68.124.208.88
250,Nollie,O'Kennedy,nokennedy6x@biblegateway.com,Male,121.41.134.133
251,Gilburt,Poveleye,gpoveleye6y@abc.net.au,Male,178.220.248.84
252,Lindsy,Fairlie,lfairlie6z@comcast.net,Female,198.169.20.143
253,Kippy,Filinkov,kfilinkov70@latimes.com,Polygender,29.78.38.215
254,Dorice,Teaz,dteaz71@mail.ru,Female,225.217.226.26
255,Joeann,Baseley,jbaseley72@creativecommons.org,Female,104.47.144.210
256,Chen,Volonte,cvolonte73@nih.gov,Male,246.76.214.20
257,Nicolai,Robbs,nrobbs74@walmart.com,Male,24.95.196.82
258,Teresita,Leppard,tleppard75@creativecommons.org,Female,91.221.131.255
259,Rosella,Bigadike,rbigadike76@buzzfeed.com,Female,194.152.78.19
260,Debra,Lackney,dlackney77@mlb.com,Female,110.117.137.135
261,Maxim,Pashba,mpashba78@intel.com,Male,19.219.227.102
262,Nicholas,Lilleman,nlilleman79@printfriendly.com,Male,79.120.174.235
263,Nathanial,Keers,nkeers7a@printfriendly.com,Male,147.32.39.189
264,Carlin,Philbin,cphilbin7b@ycombinator.com,Female,105.205.9.150
265,Kathleen,Mould,kmould7c@cbslocal.com,Female,182.137.80.23
266,Virgie,Walenta,vwalenta7d@soundcloud.com,Female,114.53.16.200
267,Carly,Fall,cfall7e@unc.edu,Female,28.85.117.36
268,Muhammad,Ciotto,mciotto7f@spiegel.de,Male,125.198.79.213
269,Edwina,Fray,efray7g@squarespace.com,Female,240.234.121.25
270,Glenda,Moggan,gmoggan7h@desdev.cn,Female,13.62.146.221
271,Holly,Lorente,hlorente7i@photobucket.com,Female,192.200.90.99
272,Marysa,Mc Queen,mmcqueen7j@hubpages.com,Genderqueer,148.65.184.232
273,Leese,Ewart,lewart7k@paypal.com,Female,166.96.36.118
274,Benny,Goudge,bgoudge7l@fda.gov,Female,99.134.93.238
275,Renard,MacBrearty,rmacbrearty7m@networkadvertising.org,Male,242.179.81.83
276,Zared,Killelea,zkillelea7n@nymag.com,Male,151.180.63.8
277,Michal,Crippen,mcrippen7o@yandex.ru,Male,229.145.183.219
278,Arie,Lazare,alazare7p@csmonitor.com,Male,195.227.107.236
279,Glyn,Augie,gaugie7q@sphinn.com,Male,40.75.98.241
280,Cosmo,Spelwood,cspelwood7r@engadget.com,Male,69.148.45.38
281,Garvin,Reddlesden,greddlesden7s@oaic.gov.au,Male,125.110.47.195
282,Nickolaus,Abreheart,nabreheart7t@patch.com,Polygender,146.87.74.45
283,Mano,Ivy,mivy7u@usa.gov,Male,176.217.1.249
284,Cordie,Maclaine,cmaclaine7v@dedecms.com,Female,54.66.79.104
285,Kippie,Pinel,kpinel7w@netvibes.com,Male,118.99.10.138
286,Gilberte,Bernardoux,gbernardoux7x@wikia.com,Agender,54.141.101.12
287,Patience,Murden,pmurden7y@europa.eu,Female,126.27.103.183
288,Theobald,Lexa,tlexa7z@disqus.com,Male,131.28.175.86
289,Dulsea,Lidgard,dlidgard80@sogou.com,Female,173.53.105.115
290,Griffin,Dreier,gdreier81@kickstarter.com,Male,35.151.35.86
291,Ted,Buessen,tbuessen82@nasa.gov,Non-binary,76.50.17.44
292,Jethro,Frew,jfrew83@sohu.com,Male,240.85.225.6
293,Halette,Castel,hcastel84@auda.org.au,Female,47.194.103.18
294,Lucho,Waiton,lwaiton85@imageshack.us,Male,134.49.181.81
295,Gena,Boughen,gboughen86@opensource.org,Female,50.11.132.135
296,Barclay,Stockings,bstockings87@amazon.com,Male,227.109.152.232
297,Almeta,Delap,adelap88@dropbox.com,Female,105.158.84.182
298,Gale,Waylen,gwaylen89@tumblr.com,Male,9.98.167.28
299,Ruthann,Leake,rleake8a@kickstarter.com,Female,250.245.79.98
300,Jacquelynn,Shillabear,jshillabear8b@wordpress.com,Female,180.88.88.116
301,Sheilah,Jeannet,sjeannet8c@prnewswire.com,Female,171.45.194.199
302,Darby,Sapey,dsapey8d@sciencedaily.com,Male,20.83.232.170
303,Immanuel,Gligorijevic,igligorijevic8e@time.com,Male,60.122.255.42
304,Darrel,Sommerville,dsommerville8f@china.com.cn,Male,38.250.117.6
305,Garwin,Treasaden,gtreasaden8g@furl.net,Male,180.145.133.121
306,Archy,Hackett,ahackett8h@nydailynews.com,Male,199.116.111.224
307,Carola,Gummie,cgummie8i@dailymotion.com,Female,240.152.255.247
308,Audy,Perryn,aperryn8j@g.co,Female,90.47.134.27
309,Alyce,Gostick,agostick8k@nyu.edu,Female,91.69.35.83
310,Caro,Olligan,colligan8l@thetimes.co.uk,Female,237.162.252.67
311,Minerva,Blagburn,mblagburn8m@marketwatch.com,Female,102.97.141.113
312,Mozes,Shovel,mshovel8n@booking.com,Male,36.230.223.73
313,Verine,Baish,vbaish8o@phoca.cz,Female,48.186.59.79
314,Cassaundra,Arni,carni8p@amazon.co.jp,Female,133.34.203.249
315,Noell,Koschek,nkoschek8q@netlog.com,Female,202.19.142.218
316,Bone,Rankmore,brankmore8r@tmall.com,Male,20.232.120.1
317,Elia,Culkin,eculkin8s@disqus.com,Male,147.48.243.54
318,Hilliard,Geibel,hgeibel8t@fotki.com,Male,124.109.53.32
319,Douglass,Flancinbaum,dflancinbaum8u@buzzfeed.com,Male,185.111.217.85
320,Teena,D'Almeida,tdalmeida8v@cdc.gov,Female,218.0.142.189
321,Theo,Gierth,tgierth8w@hexun.com,Female,130.186.240.251
322,Natalie,Allaway,nallaway8x@squarespace.com,Female,204.142.168.14
323,Carly,Fairlem,cfairlem8y@parallels.com,Genderfluid,194.170.64.75
324,Flem,Dash,fdash8z@mapquest.com,Male,15.142.132.161
325,Idelle,Bittleson,ibittleson90@toplist.cz,Female,176.125.9.151
326,Mord,Lusgdin,mlusgdin91@bandcamp.com,Male,98.200.58.160
327,Ingeberg,Mc Andrew,imcandrew92@patch.com,Female,192.198.91.246
328,Jeannine,Drescher,jdrescher93@dagondesign.com,Female,8.130.92.163
329,Nicholle,Penvarne,npenvarne94@va.gov,Female,164.187.142.101
330,Angelina,Tother,atother95@sina.com.cn,Female,215.107.48.56
331,Broddie,Coxen,bcoxen96@independent.co.uk,Male,192.160.17.153
332,Danny,Franscioni,dfranscioni97@imdb.com,Bigender,229.148.162.167
333,Emmott,Klewer,eklewer98@odnoklassniki.ru,Male,2.64.23.119
334,Karlee,Kemme,kkemme99@redcross.org,Female,69.214.226.12
335,Dido,Clopton,dclopton9a@answers.com,Polygender,1.211.124.8
336,Ceil,Barker,cbarker9b@ca.gov,Female,242.116.109.248
337,Nollie,Grisdale,ngrisdale9c@state.tx.us,Male,74.187.35.229
338,Alika,Spyvye,aspyvye9d@de.vu,Female,39.135.148.16
339,Cahra,Hambelton,chambelton9e@dailymail.co.uk,Female,87.219.94.99
340,Jandy,Woolaghan,jwoolaghan9f@xrea.com,Genderfluid,233.153.33.180
341,Jareb,Wellington,jwellington9g@hao123.com,Male,241.41.117.132
342,Basil,Spaice,bspaice9h@home.pl,Male,66.4.175.192
343,Deirdre,Elwel,delwel9i@shareasale.com,Female,229.106.54.72
344,Weston,Lardeux,wlardeux9j@slashdot.org,Non-binary,55.204.55.240
345,Dagmar,Ruilton,druilton9k@delicious.com,Genderfluid,206.93.16.180
346,Kendricks,Truitt,ktruitt9l@joomla.org,Polygender,78.70.199.221
347,Eyde,Delacroux,edelacroux9m@jalbum.net,Female,159.212.214.220
348,Tanitansy,Biles,tbiles9n@mozilla.org,Female,15.3.236.66
349,Austina,Tabbernor,atabbernor9o@ebay.co.uk,Female,141.56.173.9
350,Othella,Kimm,okimm9p@ed.gov,Female,90.139.3.191
351,Hobie,Karpov,hkarpov9q@oracle.com,Male,112.238.145.179
352,Holli,Illingworth,hillingworth9r@ovh.net,Female,202.201.41.158
353,Teddie,Pikhno,tpikhno9s@seattletimes.com,Male,148.83.82.74
354,Eugene,Bisco,ebisco9t@google.it,Male,80.162.144.100
355,Chrissie,Enevold,cenevold9u@ifeng.com,Male,20.88.251.131
356,Chrisy,Kmiec,ckmiec9v@blogger.com,Male,113.238.45.86
357,Ardis,Woolvin,awoolvin9w@list-manage.com,Female,25.79.102.145
358,Janessa,Weeke,jweeke9x@imageshack.us,Female,245.183.3.9
359,Sebastian,Ramiro,sramiro9y@craigslist.org,Male,203.53.52.153
360,Philly,Durgan,pdurgan9z@walmart.com,Female,223.225.25.90
361,Colleen,Thornebarrow,cthornebarrowa0@hibu.com,Non-binary,136.232.70.116
362,Kleon,Czaple,kczaplea1@ibm.com,Genderqueer,103.133.230.255
363,Angela,Pettett,apettetta2@unicef.org,Female,72.184.242.11
364,Sabina,Tatlock,statlocka3@unesco.org,Female,132.188.59.115
365,Fredericka,Menendez,fmenendeza4@toplist.cz,Female,169.117.169.207
366,Alex,Kolin,akolina5@washington.edu,Female,112.37.126.21
367,Harcourt,Ottee,hotteea6@canalblog.com,Agender,193.233.61.141
368,Etti,Lockitt,elockitta7@samsung.com,Female,213.44.12.218
369,Jenni,Stanborough,jstanborougha8@drupal.org,Female,83.49.56.9
370,Miranda,Dod,mdoda9@cpanel.net,Female,131.116.93.207
371,Lydia,Dedrick,ldedrickaa@livejournal.com,Female,107.64.137.92
372,Romeo,Deinhard,rdeinhardab@privacy.gov.au,Male,7.173.246.144
373,Ann-marie,Sharplin,asharplinac@seesaa.net,Female,157.229.180.64
374,Blancha,Howse,bhowsead@lycos.com,Female,232.134.70.2
375,Octavia,Louiset,olouisetae@cbslocal.com,Female,1.25.210.87
376,Evangelia,Menham,emenhamaf@state.tx.us,Female,61.125.174.100
377,Jedidiah,Jantzen,jjantzenag@google.co.uk,Agender,27.87.114.56
378,Joice,Dearnaly,jdearnalyah@wunderground.com,Female,15.53.77.245
379,Kit,Twigge,ktwiggeai@liveinternet.ru,Polygender,211.235.120.70
380,Lothario,Reina,lreinaaj@prweb.com,Male,35.255.136.80
381,Haze,Johanning,hjohanningak@booking.com,Male,141.164.207.67
382,Ronna,Ridout,rridoutal@va.gov,Female,22.196.207.229
383,Hillyer,Minkin,hminkinam@ca.gov,Male,26.176.60.140
384,Hadria,Behnke,hbehnkean@fastcompany.com,Female,220.73.185.111
385,Delano,Slaymaker,dslaymakerao@storify.com,Male,116.117.139.150
386,Sholom,Toleman,stolemanap@wiley.com,Male,74.20.253.138
387,Ase,Schimaschke,aschimaschkeaq@springer.com,Male,40.11.173.213
388,Madelle,Janaud,mjanaudar@issuu.com,Female,93.238.145.37
389,Marget,Consterdine,mconsterdineas@t.co,Genderfluid,188.140.252.78
390,Erwin,Kenealy,ekenealyat@elpais.com,Male,172.169.207.240
391,Dion,Petkovic,dpetkovicau@dropbox.com,Genderfluid,134.155.187.216
392,Jaquith,Dormon,jdormonav@miitbeian.gov.cn,Female,112.119.253.104
393,Vincenz,Crayton,vcraytonaw@elegantthemes.com,Male,147.218.251.239
394,Gabriellia,Josefovic,gjosefovicax@nbcnews.com,Female,193.4.207.158
395,Valentin,McAusland,vmcauslanday@dmoz.org,Male,98.91.59.158
396,Ariel,Guiu,aguiuaz@csmonitor.com,Male,202.177.144.245
397,Evelyn,Flawith,eflawithb0@wp.com,Male,47.175.17.240
398,Gertrud,Wyman,gwymanb1@craigslist.org,Female,181.145.185.203
399,Maxwell,Di Pietro,mdipietrob2@accuweather.com,Male,98.14.13.243
400,Stormy,Beggini,sbegginib3@parallels.com,Female,69.215.215.16
401,Humphrey,Thebeaud,hthebeaudb4@ebay.com,Male,218.246.152.119
402,Titos,Harrop,tharropb5@ask.com,Male,190.239.233.135
403,Raffaello,Thurstan,rthurstanb6@irs.gov,Male,89.7.13.150
404,Maxy,Badwick,mbadwickb7@youtube.com,Female,114.26.208.39
405,Waylin,Segrave,wsegraveb8@tripadvisor.com,Male,11.212.67.36
406,Felicdad,Cowlam,fcowlamb9@livejournal.com,Female,158.26.71.17
407,Karia,McNerlin,kmcnerlinba@reference.com,Female,199.158.124.85
408,Jakie,Roach,jroachbb@unesco.org,Male,195.75.73.233
409,Kingsly,Grimston,kgrimstonbc@furl.net,Male,96.205.144.75
410,Steward,Stoneley,sstoneleybd@economist.com,Male,229.183.252.242
411,Pavlov,Borsnall,pborsnallbe@eepurl.com,Male,110.199.173.197
412,Georgeanna,Hiscoe,ghiscoebf@marriott.com,Female,4.133.82.40
413,Sukey,Ferier,sferierbg@miitbeian.gov.cn,Female,141.187.63.246
414,Carey,Timoney,ctimoneybh@cnet.com,Female,219.64.138.223
415,Arlette,Becaris,abecarisbi@symantec.com,Female,84.151.26.15
416,Lonnard,Parvin,lparvinbj@diigo.com,Male,62.247.77.63
417,Ayn,Budding,abuddingbk@wikipedia.org,Female,215.189.207.86
418,Janice,Dumbarton,jdumbartonbl@imdb.com,Agender,111.160.240.49
419,Filide,Mundle,fmundlebm@walmart.com,Female,124.38.88.14
420,Corabella,Jaime,cjaimebn@blog.com,Female,101.19.90.211
421,Clair,Tamblingson,ctamblingsonbo@mapquest.com,Female,75.126.172.229
422,Salomone,Gwinnel,sgwinnelbp@answers.com,Non-binary,238.122.181.203
423,Floris,Boynes,fboynesbq@howstuffworks.com,Female,198.52.225.178
424,Stanislaw,Dandie,sdandiebr@wsj.com,Male,190.239.150.61
425,Brand,Sutherden,bsutherdenbs@naver.com,Male,178.117.3.243
426,Dillon,Beadon,dbeadonbt@bing.com,Male,39.161.187.241
427,Lewiss,Caudrelier,lcaudrelierbu@icq.com,Male,12.53.57.43
428,Dehlia,Branthwaite,dbranthwaitebv@twitpic.com,Female,4.8.241.94
429,Fredi,O'Rafferty,foraffertybw@xing.com,Female,150.223.234.53
430,Quinn,Duckels,qduckelsbx@sun.com,Male,232.178.105.71
431,Elwin,Bicksteth,ebickstethby@pcworld.com,Male,250.63.218.225
432,Olympie,Butterick,obutterickbz@oracle.com,Female,98.50.206.88
433,Delinda,Caplin,dcaplinc0@state.tx.us,Female,2.238.12.98
434,Chandler,Leroux,clerouxc1@chronoengine.com,Male,114.210.165.122
435,Britteny,Chaney,bchaneyc2@msu.edu,Female,228.97.17.158
436,Desmund,Courtes,dcourtesc3@joomla.org,Genderqueer,24.254.238.207
437,Elicia,Lorrimer,elorrimerc4@va.gov,Female,155.74.45.198
438,Etta,Hauxwell,ehauxwellc5@nps.gov,Female,2.167.32.130
439,Domeniga,Ord,dordc6@reverbnation.com,Female,47.179.220.177
440,Ardelle,Pimblotte,apimblottec7@youtube.com,Female,67.171.71.29
441,Trueman,Govier,tgovierc8@msu.edu,Male,37.111.208.124
442,Althea,Hynd,ahyndc9@people.com.cn,Female,163.151.16.75
443,Jerrylee,Jedras,jjedrasca@fc2.com,Female,75.195.149.218
444,Harriot,Slocket,hslocketcb@ning.com,Female,151.112.212.136
445,Pavia,Totterdill,ptotterdillcc@wikispaces.com,Female,28.238.142.109
446,Jose,Di Ruggiero,jdiruggierocd@zimbio.com,Male,253.25.223.47
447,Keefer,Mum,kmumce@rambler.ru,Male,114.175.109.179
448,Emalee,Lafflin,elafflincf@skyrock.com,Female,237.24.133.220
449,Sibley,Artrick,sartrickcg@diigo.com,Female,154.66.67.8
450,Kittie,Gamlen,kgamlench@fda.gov,Agender,248.86.198.72
451,Danette,Heigold,dheigoldci@vimeo.com,Female,194.71.222.67
452,Monro,Klein,mkleincj@people.com.cn,Male,213.0.225.7
453,Shannan,Kroin,skroinck@yahoo.com,Male,98.100.158.239
454,Clarke,Kilborn,ckilborncl@qq.com,Male,29.233.197.12
455,Alberta,Helling,ahellingcm@oaic.gov.au,Female,176.48.60.100
456,Elvin,O'Kieran,eokierancn@lulu.com,Male,16.201.46.49
457,Derek,Ciccotto,dciccottoco@vimeo.com,Male,95.4.138.65
458,Nannie,Gelardi,ngelardicp@mail.ru,Female,2.133.116.143
459,Clemmie,Legat,clegatcq@angelfire.com,Genderqueer,50.137.161.33
460,Lorrayne,Lavrick,llavrickcr@google.ru,Female,50.43.55.118
461,Davida,Krzysztof,dkrzysztofcs@t-online.de,Female,164.195.23.253
462,Jermaine,Willis,jwillisct@va.gov,Female,32.220.214.137
463,Dennet,Yashunin,dyashunincu@domainmarket.com,Male,35.47.46.105
464,Elyn,Fereday,eferedaycv@loc.gov,Female,2.234.145.172
465,Kirsten,Ros,kroscw@usda.gov,Female,207.249.63.157
466,Stafani,Crews,screwscx@nsw.gov.au,Female,85.112.143.210
467,Livvie,Suermeier,lsuermeiercy@biglobe.ne.jp,Female,41.112.39.250
468,Raddie,Hacaud,rhacaudcz@opera.com,Male,16.199.19.138
469,Alanson,Woodcraft,awoodcraftd0@unc.edu,Non-binary,245.39.69.158
470,Bob,Huffadine,bhuffadined1@geocities.jp,Male,254.194.58.1
471,Fair,Kielt,fkieltd2@yolasite.com,Male,5.116.96.75
472,Anna-diana,Sloey,asloeyd3@toplist.cz,Female,92.58.32.202
473,Danita,Egginton,deggintond4@pinterest.com,Genderqueer,119.118.49.82
474,Eziechiele,Ickeringill,eickeringilld5@wordpress.org,Male,56.234.87.117
475,Blakeley,Tapson,btapsond6@nba.com,Agender,223.168.1.74
476,Janean,Kubasek,jkubasekd7@icq.com,Female,125.126.22.76
477,Hiram,Caseri,hcaserid8@diigo.com,Male,77.38.83.80
478,Jennee,Fer,jferd9@marketwatch.com,Female,99.73.133.237
479,Aguistin,Tarbert,atarbertda@e-recht24.de,Male,14.89.4.111
480,Kendal,Paterno,kpaternodb@techcrunch.com,Bigender,233.116.115.104
481,Bethanne,Gaitley,bgaitleydc@devhub.com,Polygender,178.49.75.234
482,Sascha,Cloonan,scloonandd@google.nl,Female,205.65.181.196
483,Erin,Mutlow,emutlowde@google.de,Male,87.25.244.47
484,Bess,Clayworth,bclayworthdf@stanford.edu,Female,159.193.119.227
485,Jehanna,Grane,jgranedg@studiopress.com,Female,199.56.200.60
486,Misha,Pfaffe,mpfaffedh@is.gd,Female,127.210.144.146
487,Mia,Swatton,mswattondi@mayoclinic.com,Female,153.208.16.220
488,Sid,Poulett,spoulettdj@w3.org,Male,4.29.108.112
489,Cleve,Reinisch,creinischdk@hugedomains.com,Male,189.120.254.0
490,Brita,Lesek,blesekdl@yale.edu,Female,98.135.214.161
491,Wylie,Buttery,wbutterydm@ow.ly,Male,69.13.173.155
492,Kalle,Steckings,ksteckingsdn@kickstarter.com,Male,42.212.69.147
493,Jerry,Spyvye,jspyvyedo@army.mil,Female,152.19.140.161
494,Gerrie,Boddymead,gboddymeaddp@go.com,Female,135.234.214.121
495,Juan,Finey,jfineydq@angelfire.com,Genderqueer,177.186.62.242
496,Marthena,Wandtke,mwandtkedr@tinyurl.com,Female,87.124.169.169
497,Andi,Deluze,adeluzeds@census.gov,Female,111.130.203.150
498,Georgeanne,Diben,gdibendt@abc.net.au,Female,113.21.65.5
499,Francklin,Leadstone,fleadstonedu@posterous.com,Genderfluid,232.219.61.215
500,Art,Ferenczi,aferenczidv@fda.gov,Male,201.221.97.219
501,Bryn,Geram,bgeramdw@geocities.jp,Female,81.65.184.91
502,Celestine,Ferrolli,cferrollidx@purevolume.com,Female,85.22.137.0
503,Alan,Iacobo,aiacobody@e-recht24.de,Agender,201.41.117.46
504,Rupert,Mc Elory,rmcelorydz@networkadvertising.org,Male,55.201.172.156
505,Shel,Cecchetelli,scecchetellie0@51.la,Female,11.75.56.134
506,Thorin,Caitlin,tcaitline1@feedburner.com,Male,162.188.141.243
507,Martin,Larter,mlartere2@friendfeed.com,Male,195.148.132.60
508,Godfree,Hansod,ghansode3@nyu.edu,Male,76.188.69.172
509,Elsy,Widmoor,ewidmoore4@squidoo.com,Bigender,29.240.71.214
510,Jehanna,Bonifas,jbonifase5@google.nl,Female,20.74.144.104
511,Siobhan,Simson,ssimsone6@sfgate.com,Polygender,66.81.244.205
512,Tamiko,Chicchelli,tchicchellie7@nationalgeographic.com,Female,130.81.148.10
513,Lammond,Hembery,lhemberye8@posterous.com,Bigender,70.114.99.60
514,Erik,Chilton,echiltone9@google.co.jp,Male,75.225.249.38
515,Ugo,Foucar,ufoucarea@t.co,Male,136.192.156.195
516,Daisi,Durdle,ddurdleeb@bloglines.com,Female,151.72.3.205
517,Sigmund,Guiu,sguiuec@theguardian.com,Non-binary,121.117.237.156
518,Concettina,Janning,cjanninged@vkontakte.ru,Female,43.227.231.71
519,Shea,Ovesen,sovesenee@xrea.com,Female,228.101.163.55
520,Allis,Bisley,abisleyef@npr.org,Female,19.106.230.239
521,Johna,Sustins,jsustinseg@bing.com,Female,202.115.57.95
522,Boyd,Birt,bbirteh@jigsy.com,Male,172.205.137.159
523,Diana,Boerderman,dboerdermanei@altervista.org,Female,22.38.24.159
524,Byram,O'Hickey,bohickeyej@shop-pro.jp,Male,28.113.29.122
525,Sibella,Ianelli,sianelliek@scribd.com,Female,59.186.86.43
526,Sanson,Dunnion,sdunnionel@youtu.be,Male,140.175.140.15
527,Harrison,Headey,hheadeyem@mozilla.com,Male,105.1.177.109
528,Nikaniki,Woolen,nwoolenen@timesonline.co.uk,Non-binary,172.64.23.25
529,Diarmid,Pescott,dpescotteo@yale.edu,Male,248.40.154.209
530,Jaime,Rockhall,jrockhallep@imgur.com,Genderfluid,9.183.20.92
531,Lamond,Jowett,ljowetteq@free.fr,Male,107.59.54.245
532,Germayne,Blewitt,gblewitter@google.ru,Male,127.49.203.36
533,Maye,Mohamed,mmohamedes@yellowbook.com,Female,161.194.94.40
534,Tami,Cockitt,tcockittet@smugmug.com,Female,157.236.130.142
535,Ina,Cornau,icornaueu@freewebs.com,Female,68.168.115.145
536,Anthiathia,Hassin,ahassinev@china.com.cn,Female,253.128.58.220
537,Suzi,Connick,sconnickew@fotki.com,Female,115.125.8.50
538,Marty,Paule,mpauleex@stanford.edu,Male,238.173.82.101
539,Ignacio,Bryers,ibryersey@usda.gov,Male,63.44.2.251
540,Megan,Grishmanov,mgrishmanovez@telegraph.co.uk,Female,1.37.83.185
541,Binnie,Beekman,bbeekmanf0@stumbleupon.com,Female,109.88.216.202
542,Peterus,Minchinton,pminchintonf1@ucsd.edu,Male,96.204.187.94
543,Ignaz,Merida,imeridaf2@creativecommons.org,Male,115.229.106.247
544,Nancey,Dysart,ndysartf3@mac.com,Female,222.76.198.102
545,Jeremie,Mylan,jmylanf4@whitehouse.gov,Male,202.45.138.169
546,Wakefield,Le Estut,wleestutf5@friendfeed.com,Agender,122.5.115.126
547,Gladi,Nizet,gnizetf6@vkontakte.ru,Female,57.203.27.20
548,Ryley,Iianon,riianonf7@unicef.org,Male,129.247.243.200
549,Rene,Gimblet,rgimbletf8@craigslist.org,Male,137.231.237.132
550,Wylma,Le Marchand,wlemarchandf9@howstuffworks.com,Female,246.68.27.129
551,Trixi,Milsom,tmilsomfa@icio.us,Female,131.111.122.105
552,Clementius,Cowl,ccowlfb@usatoday.com,Male,240.9.30.16
553,Carolina,Wastling,cwastlingfc@paginegialle.it,Female,135.26.203.42
554,Angeli,Constantine,aconstantinefd@jimdo.com,Male,239.162.199.81
555,Fredericka,Chadderton,fchaddertonfe@delicious.com,Female,187.239.120.100
556,Costa,Legate,clegateff@deviantart.com,Male,123.54.90.236
557,Harper,Scarlet,hscarletfg@un.org,Male,45.40.28.188
558,Valery,Championnet,vchampionnetfh@tumblr.com,Female,222.66.137.208
559,Marianne,McGeaney,mmcgeaneyfi@phoca.cz,Female,98.218.28.4
560,Everard,Tripe,etripefj@de.vu,Male,162.200.197.190
561,Malachi,Melladew,mmelladewfk@elpais.com,Male,131.108.242.22
562,Enoch,Beckley,ebeckleyfl@biblegateway.com,Male,26.205.227.10
563,Brit,Rudram,brudramfm@t.co,Female,75.109.88.20
564,Marji,Mumford,mmumfordfn@usgs.gov,Female,33.94.64.105
565,Weider,Claque,wclaquefo@google.com.hk,Male,167.104.24.55
566,Charlene,Gentle,cgentlefp@state.tx.us,Female,196.16.134.154
567,Ulrikaumeko,Lawerence,ulawerencefq@zimbio.com,Female,182.115.255.26
568,Yoko,Fancet,yfancetfr@sina.com.cn,Female,61.142.0.106
569,Adam,Treuge,atreugefs@narod.ru,Male,164.57.143.73
570,Olav,Tibbits,otibbitsft@craigslist.org,Male,61.106.202.252
571,Gareth,Minton,gmintonfu@de.vu,Male,206.61.229.22
572,Gilligan,Southerton,gsouthertonfv@so-net.ne.jp,Female,13.16.110.116
573,Parsifal,Stockau,pstockaufw@feedburner.com,Male,50.149.38.207
574,Nikki,Kezor,nkezorfx@360.cn,Female,181.3.137.221
575,Drucy,Halegarth,dhalegarthfy@myspace.com,Female,34.15.159.254
576,Indira,Foreman,iforemanfz@booking.com,Female,103.79.14.91
577,Vernor,Baskeyfield,vbaskeyfieldg0@1und1.de,Male,215.203.129.145
578,Calli,Gadie,cgadieg1@amazon.co.uk,Female,21.15.59.19
579,Petronia,Easun,peasung2@goo.gl,Female,117.80.20.196
580,Albina,Matteini,amatteinig3@youtube.com,Female,59.112.231.222
581,Ferdie,Fumagallo,ffumagallog4@comsenz.com,Male,187.109.231.123
582,Ralph,Minty,rmintyg5@ftc.gov,Male,31.90.115.224
583,Adrian,Le Port,aleportg6@mit.edu,Female,194.105.106.101
584,Augusto,Jayes,ajayesg7@bravesites.com,Male,116.10.229.246
585,Nedi,Buzza,nbuzzag8@deviantart.com,Female,10.250.61.23
586,Dniren,Evanson,devansong9@multiply.com,Female,235.6.125.4
587,Dylan,Okell,dokellga@altervista.org,Male,214.82.147.108
588,Clarance,Castelletti,ccastellettigb@ustream.tv,Bigender,99.226.132.149
589,Wilhelm,Lanfare,wlanfaregc@fastcompany.com,Male,227.64.240.33
590,Chick,Mulcaster,cmulcastergd@mapquest.com,Male,74.202.147.192
591,Blondy,Tague,btaguege@jugem.jp,Female,164.239.123.196
592,Hayyim,Kenny,hkennygf@usa.gov,Male,206.66.50.163
593,Emile,Francesconi,efrancesconigg@tuttocitta.it,Male,69.58.247.194
594,Aurie,Garoghan,agaroghangh@ucoz.com,Non-binary,17.76.175.253
595,Shelden,Rive,srivegi@va.gov,Male,107.158.37.212
596,Myca,De Vile,mdevilegj@who.int,Male,50.82.165.60
597,Lin,Carlisle,lcarlislegk@engadget.com,Male,253.251.127.193
598,Tye,Attard,tattardgl@vimeo.com,Male,137.63.10.115
599,Pooh,Garlant,pgarlantgm@virginia.edu,Male,75.249.249.122
600,Suzette,Richens,srichensgn@bbb.org,Female,158.139.170.17
601,Adler,Wanden,awandengo@about.me,Male,3.88.121.196
602,Reed,Kummerlowe,rkummerlowegp@purevolume.com,Male,42.18.123.8
603,Justis,Bruntje,jbruntjegq@cdc.gov,Male,236.179.180.204
604,Hakeem,Andryunin,handryuningr@bizjournals.com,Male,68.36.218.76
605,Sigismund,Biles,sbilesgs@wunderground.com,Male,34.254.39.199
606,Yetty,Cuddon,ycuddongt@cpanel.net,Female,24.94.232.231
607,Kincaid,Livermore,klivermoregu@smugmug.com,Male,135.194.60.22
608,Daryn,Dearell,ddearellgv@wikimedia.org,Female,141.66.25.230
609,Skipp,Derington,sderingtongw@nps.gov,Male,49.159.243.137
610,Maxine,Celes,mcelesgx@elegantthemes.com,Female,181.170.200.122
611,Vallie,Coe,vcoegy@nsw.gov.au,Female,77.179.53.97
612,Puff,Pryell,ppryellgz@ask.com,Male,218.59.245.46
613,Almeda,O'Leary,aolearyh0@miitbeian.gov.cn,Female,144.218.17.105
614,Eveline,Scrafton,escraftonh1@paypal.com,Female,16.160.13.82
615,Culver,Davidy,cdavidyh2@webeden.co.uk,Male,235.108.94.16
616,Rosemonde,Gallacher,rgallacherh3@woothemes.com,Female,116.241.84.3
617,Peria,Chatell,pchatellh4@arizona.edu,Female,69.241.231.142
618,Jamill,Maidment,jmaidmenth5@deliciousdays.com,Male,0.167.60.209
619,Garrott,Girvin,ggirvinh6@ihg.com,Male,255.99.237.187
620,Reinhold,Dmych,rdmychh7@netlog.com,Male,180.85.118.92
621,Granville,Alban,galbanh8@wikia.com,Male,100.41.252.139
622,Ree,Engelbrecht,rengelbrechth9@twitpic.com,Female,216.89.184.78
623,Ynez,McKern,ymckernha@hostgator.com,Female,18.186.114.238
624,Nadiya,McGahern,nmcgahernhb@cnet.com,Female,177.31.109.66
625,Hall,Sumsion,hsumsionhc@harvard.edu,Male,137.140.180.187
626,Elyn,Pellman,epellmanhd@thetimes.co.uk,Female,137.137.16.204
627,Felizio,Massenhove,fmassenhovehe@webmd.com,Male,241.102.180.187
628,Symon,Erett,seretthf@joomla.org,Male,55.222.205.62
629,Trescha,Wapplington,twapplingtonhg@whitehouse.gov,Female,175.76.110.76
630,Deina,Kleingrub,dkleingrubhh@reference.com,Female,82.17.111.177
631,Jemie,Garstan,jgarstanhi@freewebs.com,Female,159.90.34.36
632,Jeremias,Tithecote,jtithecotehj@aol.com,Male,254.7.222.67
633,Isadora,Daudray,idaudrayhk@irs.gov,Female,60.157.66.152
634,Cookie,Estick,cestickhl@technorati.com,Female,204.246.151.64
635,Isiahi,Stotherfield,istotherfieldhm@diigo.com,Male,183.86.207.213
636,Stormy,Surr,ssurrhn@dedecms.com,Female,113.221.202.108
637,Valentine,Rainard,vrainardho@ow.ly,Male,172.77.111.248
638,Bard,Jacquemy,bjacquemyhp@mozilla.com,Male,25.200.104.237
639,Gannie,Tirkin,gtirkinhq@blogspot.com,Male,160.40.160.125
640,Tanhya,Kinleyside,tkinleysidehr@google.fr,Female,216.140.46.249
641,Free,Loughney,floughneyhs@drupal.org,Male,193.169.106.33
642,Cristal,Dressel,cdresselht@washingtonpost.com,Female,197.107.81.112
643,Brandon,Schult,bschulthu@tripadvisor.com,Male,209.92.147.219
644,Con,Crumby,ccrumbyhv@gmpg.org,Male,156.67.75.196
645,Fulton,Pawlata,fpawlatahw@ask.com,Male,73.26.53.251
646,Jamison,Copsey,jcopseyhx@boston.com,Male,176.255.171.69
647,Park,Ripley,pripleyhy@slate.com,Male,121.192.136.158
648,Farrel,Weavill,fweavillhz@theatlantic.com,Male,204.185.220.119
649,Ev,Scutter,escutteri0@istockphoto.com,Male,138.48.43.11
650,Sergent,Prop,spropi1@hatena.ne.jp,Male,94.107.253.118
651,Bruce,Leyban,bleybani2@newsvine.com,Male,109.38.115.52
652,Anny,Billitteri,abillitterii3@berkeley.edu,Female,146.160.171.61
653,Julianna,Hernik,jherniki4@umich.edu,Female,124.78.195.173
654,Randolf,Tapin,rtapini5@vistaprint.com,Male,63.252.4.57
655,Georgi,Ferenc,gferenci6@nih.gov,Male,82.76.82.209
656,Corrie,Lillecrop,clillecropi7@theguardian.com,Female,79.178.26.180
657,Dora,Pessold,dpessoldi8@aol.com,Female,120.231.33.12
658,Carree,Wurz,cwurzi9@wunderground.com,Genderqueer,113.15.9.162
659,Welch,Woof,wwoofia@yahoo.co.jp,Male,25.178.109.205
660,Devina,Treanor,dtreanorib@posterous.com,Female,126.73.164.47
661,Georgie,Abate,gabateic@trellian.com,Female,245.140.75.194
662,Early,Pahler,epahlerid@webeden.co.uk,Male,191.179.45.186
663,Felicia,Gothard,fgothardie@ifeng.com,Female,81.242.224.165
664,Talbert,Keddle,tkeddleif@simplemachines.org,Male,155.90.46.181
665,Giorgi,Blabey,gblabeyig@so-net.ne.jp,Male,16.211.105.222
666,Nataniel,Micheau,nmicheauih@yale.edu,Male,202.69.120.157
667,Mia,Dericot,mdericotii@mapquest.com,Female,177.114.123.65
668,Shepard,Ullyatt,sullyattij@berkeley.edu,Male,55.24.33.83
669,Wally,McSkin,wmcskinik@naver.com,Male,60.79.156.140
670,Robina,Wogan,rwoganil@sitemeter.com,Female,99.202.114.50
671,Dasi,Vella,dvellaim@state.tx.us,Female,39.153.187.232
672,Alain,Geggus,ageggusin@yahoo.com,Male,158.245.213.186
673,Morgan,Shrieve,mshrieveio@smh.com.au,Female,73.68.35.214
674,Joane,Swaite,jswaiteip@myspace.com,Female,140.143.125.8
675,Olvan,McDonand,omcdonandiq@shinystat.com,Male,110.88.95.186
676,Eartha,Coie,ecoieir@ifeng.com,Agender,186.147.253.13
677,Dominga,Gatherer,dgathereris@youku.com,Female,218.173.165.80
678,Mellisent,Kiehl,mkiehlit@bbc.co.uk,Female,73.87.221.136
679,Anjanette,Piotr,apiotriu@cnn.com,Female,146.231.235.181
680,Florinda,Simchenko,fsimchenkoiv@bbc.co.uk,Female,200.247.102.207
681,Claudette,Mathys,cmathysiw@google.es,Female,98.40.17.230
682,Kassi,Peyntue,kpeyntueix@marriott.com,Female,21.32.83.130
683,Regine,Swenson,rswensoniy@yale.edu,Female,14.110.131.188
684,Elvin,Catenot,ecatenotiz@about.com,Male,62.173.188.115
685,Blanca,Swinnard,bswinnardj0@homestead.com,Female,160.12.162.247
686,Kale,Pickett,kpickettj1@engadget.com,Male,0.74.79.240
687,Heda,Waite,hwaitej2@japanpost.jp,Female,197.125.23.96
688,Adair,Triplett,atriplettj3@bluehost.com,Male,103.135.59.234
689,Cordula,Balas,cbalasj4@weibo.com,Female,59.233.167.178
690,Angelita,Hugk,ahugkj5@upenn.edu,Female,31.6.66.65
691,Wanids,McEntegart,wmcentegartj6@example.com,Female,19.137.73.72
692,Pedro,Aldie,paldiej7@themeforest.net,Male,27.78.214.165
693,Aubree,Michiel,amichielj8@ovh.net,Female,134.76.25.18
694,Cassandre,Warre,cwarrej9@printfriendly.com,Female,232.178.103.76
695,Gerry,Ludgate,gludgateja@newsvine.com,Female,36.46.40.18
696,Tamara,Mehmet,tmehmetjb@clickbank.net,Female,235.205.89.207
697,Susann,Tadman,stadmanjc@mozilla.org,Genderqueer,180.88.17.222
698,Theodore,Callis,tcallisjd@tumblr.com,Male,94.169.182.167
699,Ag,Wiggall,awiggallje@spiegel.de,Female,160.133.229.242
700,Bibby,Clowley,bclowleyjf@nbcnews.com,Female,204.188.249.214
701,Rici,Bellenie,rbelleniejg@t.co,Female,151.91.58.18
702,Fitzgerald,Lorrain,florrainjh@theatlantic.com,Male,21.105.104.76
703,Emmalynne,Houselee,ehouseleeji@un.org,Female,169.105.203.64
704,Gretna,Wearing,gwearingjj@upenn.edu,Genderqueer,131.161.136.13
705,Umeko,Bosden,ubosdenjk@mlb.com,Female,139.128.13.105
706,Eustace,Musto,emustojl@bbc.co.uk,Male,71.5.21.167
707,Mac,Reame,mreamejm@cdbaby.com,Male,1.10.34.167
708,Costa,L'Episcopio,clepiscopiojn@pcworld.com,Male,158.250.113.186
709,Chloette,A'Barrow,cabarrowjo@eventbrite.com,Female,204.14.103.68
710,Skippy,Ebbing,sebbingjp@yellowpages.com,Male,213.2.197.79
711,Ainslee,Mushrow,amushrowjq@bloglovin.com,Female,196.136.183.223
712,Zondra,Hubbert,zhubbertjr@dedecms.com,Female,6.80.36.35
713,Ches,Copeman,ccopemanjs@bandcamp.com,Male,89.222.233.5
714,Karolina,Krauss,kkraussjt@homestead.com,Female,3.59.113.124
715,Consolata,Wimpress,cwimpressju@xrea.com,Female,40.36.6.48
716,Nadiya,Lappine,nlappinejv@time.com,Genderqueer,147.210.141.110
717,Mandi,Lanfranchi,mlanfranchijw@google.com.au,Female,58.166.99.99
718,Roseanna,Cruess,rcruessjx@ovh.net,Female,244.171.97.148
719,Clareta,Bodega,cbodegajy@sciencedaily.com,Female,61.206.95.241
720,Rory,O'Brollachain,robrollachainjz@angelfire.com,Female,91.186.237.223
721,Christina,Simla,csimlak0@chronoengine.com,Female,60.164.103.114
722,Vernon,Jirousek,vjirousekk1@yelp.com,Male,136.251.45.84
723,Thadeus,Biscomb,tbiscombk2@senate.gov,Male,107.135.165.107
724,Carroll,Roocroft,croocroftk3@amazon.de,Male,199.198.143.56
725,Mariska,Battelle,mbattellek4@yale.edu,Female,255.184.253.188
726,Dom,Purcell,dpurcellk5@ed.gov,Male,23.22.28.49
727,Timmy,Caines,tcainesk6@stumbleupon.com,Male,130.126.39.154
728,Elmer,Hughes,ehughesk7@oracle.com,Genderqueer,247.180.80.81
729,Kinnie,Daughtery,kdaughteryk8@smh.com.au,Male,60.163.212.53
730,Brina,Castan,bcastank9@oracle.com,Female,45.7.30.77
731,Pascal,Lots,plotska@macromedia.com,Genderfluid,111.9.104.201
732,Sylas,Mountford,smountfordkb@blogtalkradio.com,Male,58.107.225.66
733,Adan,Allabarton,aallabartonkc@hao123.com,Male,49.80.130.222
734,Rhoda,Petasch,rpetaschkd@blogspot.com,Bigender,98.112.12.29
735,Enrica,Sparry,esparryke@hc360.com,Female,33.233.46.134
736,Peyton,Petty,ppettykf@cargocollective.com,Male,228.114.162.233
737,Tommi,Kennally,tkennallykg@moonfruit.com,Female,3.19.228.114
738,Duncan,Capinetti,dcapinettikh@earthlink.net,Male,169.92.101.126
739,Eduardo,Knevett,eknevettki@constantcontact.com,Polygender,199.10.31.189
740,Pembroke,Deluce,pdelucekj@sun.com,Male,236.245.62.107
741,Ann,Martland,amartlandkk@time.com,Non-binary,188.178.231.80
742,Oswald,Docherty,odochertykl@macromedia.com,Male,53.88.241.104
743,Lisetta,Benini,lbeninikm@europa.eu,Female,120.90.114.249
744,Rhoda,Arthey,rartheykn@vimeo.com,Bigender,2.190.166.43
745,Giorgia,Batisse,gbatisseko@ning.com,Female,73.251.51.138
746,Allsun,Gentile,agentilekp@home.pl,Female,206.136.31.192
747,Justinian,Diack,jdiackkq@cnbc.com,Male,113.54.61.140
748,Morey,Drysdale,mdrysdalekr@google.fr,Male,248.231.245.62
749,Charisse,Bairstow,cbairstowks@discuz.net,Female,226.112.252.165
750,Sheffield,Zouch,szouchkt@goo.ne.jp,Male,146.140.175.98
751,Myrtia,Harfleet,mharfleetku@yahoo.co.jp,Female,66.94.2.73
752,Dalli,Tumioto,dtumiotokv@comcast.net,Male,46.67.147.24
753,Pamela,Cobb,pcobbkw@mlb.com,Female,19.218.44.229
754,Bo,Tregunnah,btregunnahkx@flavors.me,Male,233.242.220.176
755,Lyell,Blesdill,lblesdillky@usgs.gov,Male,245.160.76.77
756,Cyrille,McLae,cmclaekz@meetup.com,Male,177.200.85.25
757,Brianna,Gozzett,bgozzettl0@wikipedia.org,Female,197.214.201.196
758,Gabe,Shreve,gshrevel1@google.ca,Male,77.217.193.244
759,Dareen,Lindback,dlindbackl2@ehow.com,Female,80.250.53.116
760,Dall,Rankine,drankinel3@tamu.edu,Male,155.231.45.113
761,Donn,Blaxley,dblaxleyl4@house.gov,Male,188.159.147.121
762,Brewster,Shill,bshilll5@twitpic.com,Male,138.42.105.202
763,Cyrillus,Alvarado,calvaradol6@a8.net,Male,24.171.11.136
764,Shandeigh,Brayson,sbraysonl7@discuz.net,Female,178.66.182.48
765,Alma,Broadstock,abroadstockl8@webmd.com,Female,121.19.203.182
766,Marthena,Elsey,melseyl9@mac.com,Female,228.39.106.26
767,Damien,Huge,dhugela@businesswire.com,Male,17.4.184.77
768,Connie,Nijssen,cnijssenlb@uol.com.br,Male,96.133.232.206
769,Fabe,Petticrow,fpetticrowlc@google.ca,Male,142.188.108.65
770,Maurise,Tipple,mtippleld@google.ru,Female,0.33.195.81
771,Mora,Hemshall,mhemshallle@nih.gov,Female,249.184.84.6
772,Cristi,Lilloe,clilloelf@qq.com,Female,170.218.46.99
773,Dorie,Ledbetter,dledbetterlg@gizmodo.com,Male,217.105.135.14
774,Leonard,Bahia,lbahialh@cornell.edu,Male,178.108.18.77
775,Meir,Wace,mwaceli@qq.com,Male,71.45.131.71
776,Viva,Tench,vtenchlj@china.com.cn,Polygender,32.199.20.47
777,Elfie,Mathwin,emathwinlk@jalbum.net,Female,45.3.38.218
778,Penny,Lowers,plowersll@artisteer.com,Male,63.101.241.162
779,Ivette,Sautter,isautterlm@bing.com,Female,43.224.232.75
780,Eli,Brooksbie,ebrooksbieln@t.co,Male,61.139.163.22
781,Evania,Alty,ealtylo@epa.gov,Female,223.72.85.249
782,Wilhelm,Barrowcliff,wbarrowclifflp@weebly.com,Male,60.25.29.1
783,Cullen,Holbie,cholbielq@over-blog.com,Non-binary,116.43.193.2
784,Daniele,Baldrick,dbaldricklr@simplemachines.org,Female,58.18.155.189
785,Kamillah,Jedraszczyk,kjedraszczykls@last.fm,Polygender,217.187.128.252
786,Gerard,Rasor,grasorlt@abc.net.au,Male,40.112.227.136
787,Ramon,Brocks,rbrockslu@de.vu,Male,143.87.219.1
788,Randy,Josuweit,rjosuweitlv@foxnews.com,Female,34.199.72.14
789,Truda,Roswarne,troswarnelw@icio.us,Female,242.143.80.75
790,Avivah,Aylmore,aaylmorelx@blog.com,Female,152.52.235.151
791,Blisse,Axtell,baxtellly@naver.com,Female,15.36.60.56
792,Licha,Bischof,lbischoflz@addtoany.com,Female,170.151.38.232
793,Major,Lancett,mlancettm0@rediff.com,Male,165.94.231.197
794,Gearard,La Batie,glabatiem1@oaic.gov.au,Male,199.204.254.174
795,Meridith,Dukesbury,mdukesburym2@jiathis.com,Female,210.9.109.140
796,Ray,Edel,redelm3@xing.com,Female,36.235.120.201
797,Cecilius,Ingall,cingallm4@joomla.org,Male,82.237.30.205
798,Lydia,Flaxon,lflaxonm5@kickstarter.com,Female,137.228.19.29
799,Chauncey,Tresvina,ctresvinam6@yelp.com,Polygender,7.61.15.229
800,Hope,Rymell,hrymellm7@blogs.com,Female,107.169.132.39
801,Chen,Spurr,cspurrm8@phpbb.com,Male,63.103.20.12
802,Brita,Rizzardo,brizzardom9@huffingtonpost.com,Female,242.96.127.95
803,Harlie,Pero,hperoma@marriott.com,Female,121.99.40.79
804,Derek,Orgill,dorgillmb@samsung.com,Male,114.122.41.33
805,Laverne,McGerr,lmcgerrmc@odnoklassniki.ru,Female,40.201.42.169
806,Willi,Brothers,wbrothersmd@wikispaces.com,Male,85.188.231.192
807,Honey,Lardnar,hlardnarme@prnewswire.com,Agender,63.9.25.174
808,Emmet,MacGilpatrick,emacgilpatrickmf@discovery.com,Male,50.45.231.50
809,Cara,Gregh,cgreghmg@smh.com.au,Female,61.172.17.9
810,Price,Pietsma,ppietsmamh@edublogs.org,Male,160.73.90.196
811,Delbert,Nibley,dnibleymi@themeforest.net,Male,105.82.137.127
812,Clemmy,Dalby,cdalbymj@fc2.com,Male,44.103.128.165
813,Rollo,Parslow,rparslowmk@feedburner.com,Male,67.120.159.241
814,Kassandra,Dinsey,kdinseyml@wordpress.com,Female,110.46.117.170
815,Brennen,Attenborrow,battenborrowmm@hugedomains.com,Male,97.190.6.237
816,Freemon,Habercham,fhaberchammn@irs.gov,Male,59.10.250.202
817,Gale,Wannell,gwannellmo@cdbaby.com,Female,118.19.219.144
818,Isidor,Deneve,idenevemp@unesco.org,Male,217.88.92.215
819,Jeana,Swaden,jswadenmq@ibm.com,Female,53.163.238.177
820,Missie,Chinnery,mchinnerymr@columbia.edu,Female,135.175.199.163
821,Caria,Goodnow,cgoodnowms@sakura.ne.jp,Female,15.29.181.76
822,Clim,Sprionghall,csprionghallmt@washington.edu,Male,156.205.182.151
823,Tamarra,Fillan,tfillanmu@wordpress.com,Female,9.135.151.93
824,Roda,Warrener,rwarrenermv@unblog.fr,Polygender,159.0.46.119
825,Cristobal,McCarver,cmccarvermw@china.com.cn,Male,203.202.80.172
826,Fionna,Garrod,fgarrodmx@purevolume.com,Female,116.87.7.90
827,Shandeigh,Kordes,skordesmy@google.com.br,Female,60.233.122.122
828,Windy,Covill,wcovillmz@miibeian.gov.cn,Female,122.208.23.153
829,Keary,Somerbell,ksomerbelln0@ucoz.ru,Male,105.97.89.27
830,Jephthah,Bosse,jbossen1@xinhuanet.com,Male,181.64.148.23
831,Norton,Dowdney,ndowdneyn2@eepurl.com,Male,21.69.198.34
832,Augustina,Medway,amedwayn3@cafepress.com,Female,89.210.189.27
833,Jerrie,Abramowsky,jabramowskyn4@scribd.com,Male,190.148.237.154
834,Rosalinde,Sellner,rsellnern5@moonfruit.com,Female,79.199.89.176
835,Ellswerth,Rubury,eruburyn6@paginegialle.it,Male,195.141.114.64
836,Doyle,Bingley,dbingleyn7@telegraph.co.uk,Male,89.80.87.91
837,Blinny,Lyford,blyfordn8@auda.org.au,Female,154.133.117.206
838,Billie,Norvell,bnorvelln9@gmpg.org,Female,209.26.103.229
839,Shawn,Prior,spriorna@blogtalkradio.com,Male,218.121.98.148
840,Jamima,Moncreiffe,jmoncreiffenb@trellian.com,Female,182.55.124.217
841,Zach,Gluyus,zgluyusnc@ycombinator.com,Male,24.61.120.241
842,Amitie,Meneux,ameneuxnd@deliciousdays.com,Female,232.215.3.166
843,Kandace,Hegg,kheggne@cmu.edu,Female,138.253.122.208
844,Sylvan,De Blasi,sdeblasinf@bluehost.com,Male,121.227.174.43
845,Wendell,De Maria,wdemariang@va.gov,Male,223.229.186.204
846,Babbie,Kennaway,bkennawaynh@unesco.org,Female,35.205.101.37
847,Josy,Palek,jpalekni@deviantart.com,Female,236.134.105.81
848,Konstantin,D'Aulby,kdaulbynj@hostgator.com,Male,153.46.98.90
849,Matelda,Smedley,msmedleynk@smh.com.au,Female,210.162.97.116
850,Carleton,Duer,cduernl@hexun.com,Male,60.20.91.82
851,Rolando,Landreth,rlandrethnm@addthis.com,Genderqueer,203.75.10.35
852,Bren,Rowthorne,browthornenn@joomla.org,Male,167.216.173.207
853,Ewell,Fullager,efullagerno@cdc.gov,Male,21.227.185.208
854,Bucky,Nobbs,bnobbsnp@cbslocal.com,Male,235.233.23.178
855,Pierson,Moyles,pmoylesnq@nhs.uk,Genderqueer,116.236.99.198
856,Tabbitha,Macura,tmacuranr@freewebs.com,Non-binary,141.119.17.252
857,Connie,Fossord,cfossordns@blogs.com,Female,166.181.142.122
858,Moises,Grimshaw,mgrimshawnt@ustream.tv,Male,221.0.70.251
859,Bourke,Toomer,btoomernu@cmu.edu,Male,144.44.34.218
860,Joellen,Tendahl,jtendahlnv@bloomberg.com,Female,218.84.127.146
861,Fenelia,Filgate,ffilgatenw@networksolutions.com,Female,69.248.103.198
862,Kahlil,Jansson,kjanssonnx@gravatar.com,Male,137.116.42.86
863,Harper,Stallan,hstallanny@altervista.org,Male,144.110.97.50
864,Fenelia,Seymark,fseymarknz@stumbleupon.com,Female,21.44.67.15
865,Charmain,Sear,csearo0@usgs.gov,Female,52.126.38.27
866,Boycie,Amy,bamyo1@army.mil,Male,29.219.0.80
867,Yorgos,Gascoyne,ygascoyneo2@uol.com.br,Male,212.218.169.152
868,Maxine,Sivills,msivillso3@last.fm,Female,226.197.40.143
869,Gawain,Viccars,gviccarso4@dmoz.org,Male,197.231.190.136
870,Lynnette,Withringten,lwithringteno5@salon.com,Female,24.39.140.108
871,Geri,Laurenceau,glaurenceauo6@tamu.edu,Female,253.167.103.224
872,Essy,Littleton,elittletono7@fc2.com,Polygender,51.245.24.161
873,Griz,Quartermaine,gquartermaineo8@webnode.com,Male,179.32.226.204
874,Harland,Enoksson,henokssono9@ucla.edu,Male,233.242.194.180
875,Elaina,Roscamp,eroscampoa@mediafire.com,Female,60.138.173.212
876,Edmon,Doughtery,edoughteryob@w3.org,Male,58.174.142.18
877,Axel,Gazey,agazeyoc@a8.net,Male,47.135.35.44
878,Bellina,Scholer,bscholerod@pbs.org,Female,21.18.21.171
879,Hakeem,Darkins,hdarkinsoe@theglobeandmail.com,Male,161.88.230.15
880,Indira,Licciardello,ilicciardelloof@mapy.cz,Female,22.243.235.252
881,Saundra,Tiesman,stiesmanog@icq.com,Genderqueer,23.81.40.62
882,Allan,Wallworke,awallworkeoh@exblog.jp,Male,30.54.56.223
883,Hardy,Cosyns,hcosynsoi@wired.com,Male,21.187.184.17
884,Dannye,Belcham,dbelchamoj@yahoo.co.jp,Female,92.103.20.197
885,Mary,Gundrey,mgundreyok@discovery.com,Female,184.255.23.100
886,Leland,De Benedetti,ldebenedettiol@etsy.com,Male,156.240.108.182
887,Isaac,Erratt,ierrattom@edublogs.org,Male,202.144.140.58
888,Arch,Vesty,avestyon@prlog.org,Male,7.65.200.121
889,Vikki,Asher,vasheroo@smugmug.com,Female,63.161.176.86
890,Spencer,Bonelle,sbonelleop@imageshack.us,Male,140.68.113.144
891,Hedwig,Meachen,hmeachenoq@independent.co.uk,Female,195.210.192.115
892,Nefen,Croft,ncroftor@china.com.cn,Male,245.66.193.174
893,Peter,Ondrus,pondrusos@list-manage.com,Male,206.9.232.47
894,Tessa,Mosen,tmosenot@nymag.com,Female,101.199.21.139
895,Guilbert,Marchand,gmarchandou@sfgate.com,Male,99.78.248.230
896,Annelise,Whelan,awhelanov@ucoz.ru,Female,108.219.166.9
897,Thaddeus,Spera,tsperaow@alibaba.com,Male,79.244.3.209
898,Celesta,Prene,cpreneox@acquirethisname.com,Female,177.125.116.98
899,Darsey,Beau,dbeauoy@alibaba.com,Female,154.75.37.144
900,Felice,Bedward,fbedwardoz@ehow.com,Male,88.20.203.35
901,Honor,Gors,hgorsp0@dropbox.com,Female,103.70.8.221
902,Hewet,Carley,hcarleyp1@lycos.com,Male,230.55.238.41
903,Kim,Wallwork,kwallworkp2@amazon.com,Female,42.205.89.29
904,Kelley,Soldner,ksoldnerp3@people.com.cn,Non-binary,95.176.194.104
905,Linzy,Duplain,lduplainp4@de.vu,Female,158.19.190.112
906,Hulda,Beloe,hbeloep5@ibm.com,Female,55.200.21.99
907,Danette,Sherborne,dsherbornep6@desdev.cn,Female,99.225.137.255
908,Fulton,Fairtlough,ffairtloughp7@bbb.org,Male,110.132.0.34
909,Nils,Whittier,nwhittierp8@google.it,Male,120.18.69.235
910,Monique,Sainz,msainzp9@technorati.com,Female,190.130.127.83
911,Codi,Haggata,chaggatapa@yahoo.com,Male,84.213.23.19
912,Godard,Dormand,gdormandpb@wp.com,Male,153.183.112.174
913,Filmer,Karlik,fkarlikpc@vk.com,Male,147.180.65.32
914,Trumaine,Pearmain,tpearmainpd@odnoklassniki.ru,Male,42.168.233.41
915,Donavon,Squires,dsquirespe@usnews.com,Male,108.5.216.194
916,Glyn,Taffe,gtaffepf@globo.com,Female,199.89.66.205
917,Jsandye,Harcombe,jharcombepg@about.me,Female,155.230.178.210
918,Andie,Bloomer,abloomerph@simplemachines.org,Male,51.102.183.20
919,Rabi,Ussher,russherpi@altervista.org,Male,52.153.201.63
920,Lin,Crosswaite,lcrosswaitepj@ameblo.jp,Female,32.42.171.52
921,Marleen,Lang,mlangpk@timesonline.co.uk,Female,232.80.162.97
922,Bridie,Rushbury,brushburypl@vkontakte.ru,Female,11.4.18.28
923,Vinny,Saphir,vsaphirpm@ftc.gov,Genderfluid,68.156.75.114
924,Fernanda,Jimeno,fjimenopn@archive.org,Female,233.201.29.86
925,Glennie,Clemencet,gclemencetpo@cnet.com,Female,71.159.209.177
926,Dollie,Whittington,dwhittingtonpp@arstechnica.com,Female,187.65.93.13
927,Percy,Tolossi,ptolossipq@apple.com,Male,95.187.253.186
928,Dalston,Duplain,dduplainpr@is.gd,Agender,209.84.162.84
929,Weston,Sebborn,wsebbornps@blogspot.com,Male,179.238.32.208
930,Othilie,Broader,obroaderpt@ihg.com,Female,80.96.140.162
931,Lavina,Gypson,lgypsonpu@nifty.com,Female,189.215.242.188
932,Stephi,Russen,srussenpv@sohu.com,Female,204.221.220.130
933,Skipper,Pantling,spantlingpw@123-reg.co.uk,Male,124.192.122.69
934,Ivan,Grumbridge,igrumbridgepx@tuttocitta.it,Male,243.103.205.250
935,Dasi,Tanswill,dtanswillpy@google.de,Bigender,166.211.175.95
936,Toby,Blankman,tblankmanpz@toplist.cz,Female,57.23.81.178
937,Francesco,Hedgeman,fhedgemanq0@utexas.edu,Male,182.164.151.74
938,Minta,Pessold,mpessoldq1@google.com.hk,Female,35.82.107.175
939,Stafani,Goodson,sgoodsonq2@dot.gov,Female,177.224.118.243
940,Sidonia,Hughland,shughlandq3@cdc.gov,Genderqueer,111.201.237.151
941,Xenos,Feyer,xfeyerq4@chronoengine.com,Male,83.63.216.221
942,Gaultiero,Jolly,gjollyq5@apple.com,Male,93.148.70.38
943,Sayers,Jeschner,sjeschnerq6@ycombinator.com,Genderfluid,18.8.17.42
944,Jacklyn,Carmody,jcarmodyq7@ustream.tv,Female,92.8.248.211
945,Marquita,Ollerhad,mollerhadq8@salon.com,Female,248.76.52.99
946,Filbert,Abdey,fabdeyq9@wp.com,Male,145.90.121.71
947,Sephira,Bradburn,sbradburnqa@omniture.com,Female,245.172.134.221
948,Callida,Lilian,clilianqb@youku.com,Female,85.52.32.94
949,Lek,Hassall,lhassallqc@ovh.net,Male,87.188.207.18
950,Chrysler,Vannar,cvannarqd@printfriendly.com,Agender,8.112.195.181
951,Harmony,Seeler,hseelerqe@mapquest.com,Female,157.108.225.181
952,Fritz,Turbat,fturbatqf@answers.com,Male,61.205.20.127
953,Mindy,Peach,mpeachqg@wired.com,Female,202.99.60.64
954,Carola,Oldroyde,coldroydeqh@independent.co.uk,Female,217.235.134.77
955,Carly,Dahl,cdahlqi@macromedia.com,Female,0.234.90.121
956,Debee,Carthew,dcarthewqj@pcworld.com,Female,124.212.22.54
957,Cliff,Dockrey,cdockreyqk@forbes.com,Male,73.91.74.47
958,Bendix,Nagle,bnagleql@tiny.cc,Male,182.1.112.85
959,Talyah,Corragan,tcorraganqm@china.com.cn,Polygender,90.17.48.169
960,Benoit,Daw,bdawqn@harvard.edu,Male,238.153.175.39
961,Lorna,Rowes,lrowesqo@ocn.ne.jp,Female,49.101.159.235
962,Justina,Irvine,jirvineqp@ask.com,Female,120.57.73.128
963,Alard,Tomsett,atomsettqq@si.edu,Male,72.41.13.129
964,Henderson,Hatz,hhatzqr@hc360.com,Male,236.229.23.33
965,Justis,Bonsey,jbonseyqs@mashable.com,Male,70.131.80.77
966,Lucinda,Schoular,lschoularqt@issuu.com,Female,58.20.117.183
967,Christin,Fishleigh,cfishleighqu@blogger.com,Female,221.38.53.156
968,Der,Oakman,doakmanqv@usnews.com,Male,76.118.144.154
969,Olympia,Isakowicz,oisakowiczqw@umn.edu,Female,111.38.88.220
970,Giacopo,Baker,gbakerqx@unblog.fr,Male,9.62.236.1
971,Nadean,Shepeard,nshepeardqy@columbia.edu,Female,216.41.18.167
972,Sapphire,Burgne,sburgneqz@bing.com,Female,242.25.145.140
973,Eb,Puvia,epuviar0@wikia.com,Male,76.176.84.206
974,Linc,Vango,lvangor1@elegantthemes.com,Male,193.15.218.166
975,Jyoti,Hensmans,jhensmansr2@google.nl,Female,94.137.140.150
976,Devondra,O'Leahy,doleahyr3@state.gov,Female,192.152.246.211
977,Inglis,Wippermann,iwippermannr4@sohu.com,Male,117.213.29.106
978,Ddene,Stoffel,dstoffelr5@opera.com,Female,200.78.218.151
979,Zelda,Schinetti,zschinettir6@netscape.com,Female,215.126.160.239
980,Rhianon,Troake,rtroaker7@exblog.jp,Bigender,145.96.225.201
981,Toddie,Padilla,tpadillar8@abc.net.au,Male,252.13.3.47
982,Andrea,Blazej,ablazejr9@google.com.br,Female,102.110.174.186
983,Ingrid,Spivie,ispiviera@nytimes.com,Female,147.44.70.49
984,Stepha,Godrich,sgodrichrb@paypal.com,Female,133.56.243.250
985,Abdel,Babst,ababstrc@furl.net,Male,60.57.156.55
986,Hailey,Gavini,hgavinird@people.com.cn,Male,35.22.162.53
987,Tracie,Sewley,tsewleyre@ameblo.jp,Male,155.214.98.24
988,Concettina,Clouston,ccloustonrf@vistaprint.com,Female,71.128.163.113
989,Janek,Le Port,jleportrg@hatena.ne.jp,Male,135.76.6.60
990,Barde,Cowen,bcowenrh@gravatar.com,Male,179.226.154.220
991,Brennen,Wigan,bwiganri@bizjournals.com,Male,167.7.21.18
992,Aaron,Dumbar,adumbarrj@google.com,Male,130.57.184.58
993,Marilee,Emberson,membersonrk@bloglines.com,Female,120.196.79.118
994,Waring,Tootell,wtootellrl@weebly.com,Male,185.110.220.243
995,Quintilla,Penning,qpenningrm@ustream.tv,Female,25.48.20.68
996,Nealson,Degoix,ndegoixrn@dailymotion.com,Male,185.83.182.75
997,Rica,Cashman,rcashmanro@ezinearticles.com,Female,186.70.240.7
998,Spence,Presman,spresmanrp@nba.com,Male,10.241.109.53
999,Greer,Daines,gdainesrq@adobe.com,Female,192.10.170.75
1000,Mellisa,Attoe,mattoerr@go.com,Female,119.149.57.22
